id,treatment_capacity_10k_m3_per_day,annual_treatment_volume_10k_m3,cod_influent_mg_l,cod_effluent_mg_l,bod5_influent_mg_l,bod5_effluent_mg_l,ss_influent_mg_l,ss_effluent_mg_l,nh3n_influent_mg_l,nh3n_effluent_mg_l,tn_influent_mg_l,tn_effluent_mg_l,tp_influent_mg_l,tp_effluent_mg_l,annual_electricity_consumption_kwh,treatment_process,advanced_processs,disinfection_processs,load_rate,cod_removal_mg_l,cod_removal_rate,bod5_removal_mg_l,bod5_removal_rate,ss_removal_mg_l,ss_removal_rate,nh3n_removal_mg_l,nh3n_removal_rate,tn_removal_mg_l,tn_removal_rate,tp_removal_mg_l,tp_removal_rate,cod_load_kg,tn_load_kg,tp_load_kg,energy_per_volume,avg_removal_rate
1,0.4,116.97,137.0,18.0,57.2,4.87,84.0,6.0,21.0,0.11,28.0,7.83,2.88,0.39,853581.0,A2O_Family,Membrane,Chlorine_Based,0.8011643835616439,119.0,0.8686131386861314,52.330000000000005,0.9148601398601399,78.0,0.9285714285714286,20.89,0.9947619047619047,20.17,0.7203571428571429,2.4899999999999998,0.8645833333333333,160248.9,32751.6,3368.736,0.7297435239805078,0.8819578480116802
2,1.7,610.56,149.0,15.5,61.1,4.53,89.0,6.0,17.4,0.06,30.7,8.6,3.35,0.36,2100402.0,Oxidation_Ditch,Membrane,Chlorine_Based,0.9839806607574536,133.5,0.8959731543624161,56.57,0.9258592471358429,83.0,0.9325842696629213,17.34,0.9965517241379311,22.1,0.719869706840391,2.99,0.8925373134328358,909734.3999999999,187441.91999999998,20453.76,0.34401238207547175,0.8938959025953898
3,1.2,396.35,172.0,18.1,70.0,4.82,100.0,6.0,9.55,0.13,18.6,6.24,2.33,0.16,1431070.0,Oxidation_Ditch,Filtration,Chlorine_Based,0.9049086757990868,153.9,0.8947674418604652,65.18,0.9311428571428573,94.0,0.94,9.42,0.9863874345549738,12.360000000000001,0.6645161290322581,2.17,0.9313304721030042,681722.0,73721.1,9234.955000000002,0.3610621925066229,0.8913573891155933
4,5.5,1058.62,258.0,14.3,120.0,4.29,258.0,6.0,30.5,0.18,44.2,8.21,4.93,0.1,7694500.0,A2O_Family,Combined,Combined,0.527332503113325,243.7,0.9445736434108527,115.71,0.9642499999999999,252.0,0.9767441860465116,30.32,0.9940983606557378,35.99,0.8142533936651584,4.83,0.9797160243407709,2731239.5999999996,467910.04000000004,52189.96599999999,0.7268424930569989,0.9456059346865052
5,1.25,461.63,106.9,20.28,59.6,2.34,182.6,7.13,15.0,0.13,21.8,6.5,3.04,0.21,2706639.0,A2O_Family,Combined,Combined,1.011791780821918,86.62,0.810289990645463,57.260000000000005,0.9607382550335571,175.47,0.9609529025191677,14.87,0.9913333333333333,15.3,0.7018348623853211,2.83,0.930921052631579,493482.47000000003,100635.34,14033.552,0.5863221627710504,0.8926783994247368
6,3.5,555.49,198.0,25.9,110.0,2.91,195.0,8.0,29.5,0.6,43.3,8.2,7.64,0.28,4415090.0,A2O_Family,Combined,Combined,0.434825831702544,172.1,0.8691919191919192,107.09,0.9735454545454546,187.0,0.958974358974359,28.9,0.9796610169491525,35.099999999999994,0.810623556581986,7.359999999999999,0.9633507853403142,1099870.2,240527.17,42439.435999999994,0.7948099875785343,0.9258911819305308
7,5.0,1741.52,195.0,23.9,108.0,2.52,190.0,8.0,19.7,0.2,33.0,6.0,7.59,0.21,8776080.0,A2O_Family,Combined,Combined,0.9542575342465753,171.1,0.8774358974358974,105.48,0.9766666666666667,182.0,0.9578947368421052,19.5,0.9898477157360407,27.0,0.8181818181818182,7.38,0.9723320158102767,3395964.0,574701.6,132181.36800000002,0.5039321971611006,0.9320598084454675
8,67.0,24745.32,206.0,17.0,95.1,3.0,108.0,2.0,22.2,0.33,25.7,8.1,2.52,0.08,77881049.0,A2O_Family,Filtration,Chlorine_Based,1.0118716008996116,189.0,0.9174757281553398,92.1,0.9684542586750788,106.0,0.9814814814814815,21.87,0.9851351351351352,17.6,0.6848249027237355,2.44,0.9682539682539683,50975359.2,6359547.239999999,623582.064,0.31473041771130866,0.9176042457374565
9,20.0,6649.29,315.0,16.0,155.0,1.0,242.0,6.0,25.9,0.42,34.4,9.1,4.57,0.12,21323400.0,A2O_Family,Other,Chlorine_Based,0.9108616438356164,299.0,0.9492063492063492,154.0,0.9935483870967742,236.0,0.9752066115702479,25.479999999999997,0.9837837837837837,25.299999999999997,0.7354651162790697,4.45,0.973741794310722,20945263.5,2287355.76,303872.553,0.32068687032750864,0.9351586737078245
10,19.5,5159.86,244.0,13.0,118.0,1.1,139.0,5.0,24.2,0.37,29.0,7.5,3.2,0.06,18052644.4,A2O_Family,Other,Other,0.7249539866526168,231.0,0.9467213114754098,116.9,0.990677966101695,134.0,0.9640287769784173,23.83,0.9847107438016528,21.5,0.7413793103448276,3.14,0.98125,12590058.399999999,1496359.4,165115.52,0.34986694212633673,0.9347946847836671
11,0.5,124.62,141.0,16.3,66.9,1.1,112.0,5.0,23.1,0.28,27.2,7.85,3.67,0.14,926440.0,A2O_Family,Filtration,Chlorine_Based,0.6828493150684932,124.7,0.8843971631205674,65.80000000000001,0.9835575485799702,107.0,0.9553571428571429,22.82,0.9878787878787878,19.35,0.7113970588235294,3.53,0.9618528610354223,175714.2,33896.64,4573.554,0.7434119723960841,0.9140734270492366
12,30.0,10926.54,223.0,22.0,111.0,2.22,186.0,6.0,22.1,0.22,28.8,10.4,3.32,0.1,7733500.0,Other,Other,Chlorine_Based,0.9978575342465754,201.0,0.9013452914798207,108.78,0.98,180.0,0.967741935483871,21.880000000000003,0.9900452488687783,18.4,0.6388888888888888,3.2199999999999998,0.9698795180722891,24366184.200000003,3146843.52,362761.128,0.0707772085216363,0.907983480465608
13,20.0,2995.45,272.0,15.0,104.0,2.2,127.0,5.0,26.5,0.28,30.7,6.82,3.16,0.16,13200239.0,A2O_Family,Filtration,Other,0.41033561643835614,257.0,0.9448529411764706,101.8,0.9788461538461538,122.0,0.9606299212598425,26.22,0.9894339622641509,23.88,0.7778501628664495,3.0,0.9493670886075949,8147623.999999999,919603.1499999999,94656.22,0.4406763257607371,0.9334967050034436
14,15.0,5451.78,217.0,16.0,80.5,1.4,183.0,5.0,32.1,0.53,34.9,7.38,3.79,0.24,20707200.0,A2O_Family,Other,Other,0.995758904109589,201.0,0.9262672811059908,79.1,0.9826086956521738,178.0,0.9726775956284153,31.57,0.9834890965732087,27.52,0.7885386819484241,3.55,0.9366754617414248,11830362.6,1902671.2199999997,206622.46199999997,0.37982457105752615,0.9317094687749395
15,30.0,6880.53,314.0,14.7,125.0,2.0,149.0,4.0,29.7,0.1,42.0,7.8,4.99,0.1,20881907.0,A2O_Family,Combined,Chlorine_Based,0.6283589041095891,299.3,0.9531847133757962,123.0,0.984,145.0,0.9731543624161074,29.599999999999998,0.9966329966329965,34.2,0.8142857142857144,4.890000000000001,0.9799599198396794,21604864.2,2889822.6,343338.44700000004,0.30349271059060856,0.9502029510917156
16,9.5,3107.6,270.0,11.4,125.0,2.0,128.0,4.0,22.2,0.1,30.6,7.21,4.0,0.06,11463450.0,A2O_Family,Combined,Chlorine_Based,0.8962076423936554,258.6,0.9577777777777778,123.0,0.984,124.0,0.96875,22.099999999999998,0.9954954954954954,23.39,0.7643790849673202,3.94,0.985,8390520.0,950925.6,124304.0,0.3688843480499421,0.9425670597067657
17,15.0,5434.56,310.0,13.0,170.0,2.5,192.0,5.0,29.0,0.21,38.1,6.98,5.0,0.13,17198637.0,A2O_Family,Combined,Chlorine_Based,0.992613698630137,297.0,0.9580645161290322,167.5,0.9852941176470589,187.0,0.9739583333333334,28.79,0.9927586206896551,31.12,0.8167979002624672,4.87,0.974,16847136.0,2070567.3600000003,271728.0,0.31646788332450093,0.9501455813435912
18,20.0,6744.88,242.0,26.0,120.0,2.72,127.0,5.15,22.3,0.4,29.0,7.26,2.61,0.16,19247000.0,A2O_Family,Combined,Other,0.9239561643835617,216.0,0.8925619834710744,117.28,0.9773333333333334,121.85,0.9594488188976378,21.900000000000002,0.9820627802690584,21.740000000000002,0.7496551724137932,2.4499999999999997,0.9386973180076628,16322609.6,1956015.2,176041.36800000002,0.2853571894533335,0.9166265677320933
19,18.0,6104.48,332.0,13.4,173.0,1.88,147.0,5.0,30.5,0.34,42.4,7.57,4.55,0.12,23831300.0,A2O_Family,Combined,Combined,0.9291445966514459,318.6,0.9596385542168675,171.12,0.9891329479768787,142.0,0.9659863945578231,30.16,0.9888524590163934,34.83,0.8214622641509434,4.43,0.9736263736263736,20266873.599999998,2588299.5199999996,277753.83999999997,0.3903903362776191,0.94978316559088
20,14.0,4755.26,330.0,14.0,174.0,1.89,151.0,5.0,29.4,0.38,40.4,7.63,4.48,0.11,19256800.0,A2O_Family,Combined,Combined,0.9305792563600783,316.0,0.9575757575757575,172.11,0.9891379310344829,146.0,0.9668874172185431,29.02,0.9870748299319728,32.769999999999996,0.8111386138613861,4.37,0.9754464285714285,15692358.0,1921125.04,213035.64800000004,0.4049578782232728,0.9478768296989285
21,4.0,1459.99,204.0,14.8,106.0,1.92,93.0,6.0,18.8,0.28,26.2,5.61,2.69,0.13,4485300.0,A2O_Family,Filtration,Combined,0.9999931506849316,189.2,0.9274509803921568,104.08,0.9818867924528302,87.0,0.9354838709677419,18.52,0.9851063829787233,20.59,0.7858778625954199,2.56,0.9516728624535317,2978379.6,382517.38,39273.731,0.30721443297556833,0.9279131253067341
22,26.0,9145.61,191.0,15.0,88.6,3.0,110.0,6.0,30.1,0.37,34.7,8.21,3.23,0.19,23878061.0,A2O_Family,Other,Chlorine_Based,0.9637102212855638,176.0,0.9214659685863874,85.6,0.9661399548532731,104.0,0.9454545454545454,29.73,0.9877076411960133,26.490000000000002,0.763400576368876,3.04,0.9411764705882353,17468115.1,3173526.670000001,295403.20300000004,0.261087680318754,0.9208908595078884
23,20.0,6848.81,223.0,17.0,98.4,3.2,128.0,6.0,32.5,0.47,36.7,8.96,3.82,0.17,23622030.0,A2O_Family,Other,Chlorine_Based,0.9381931506849316,206.0,0.9237668161434978,95.2,0.9674796747967479,122.0,0.953125,32.03,0.9855384615384616,27.740000000000002,0.755858310626703,3.65,0.9554973821989529,15272846.3,2513513.2700000005,261624.54200000002,0.34490707144744853,0.9235442742173938
24,8.0,1467.11,203.0,15.0,94.2,2.6,114.0,7.0,26.4,0.39,32.6,7.6,3.49,0.17,4615814.0,A2O_Family,Other,Chlorine_Based,0.5024349315068493,188.0,0.9261083743842364,91.60000000000001,0.9723991507430998,107.0,0.9385964912280702,26.009999999999998,0.9852272727272727,25.0,0.7668711656441718,3.3200000000000003,0.9512893982808023,2978233.3,478277.86,51202.138999999996,0.3146194900177901,0.9234153088346089
25,60.0,16842.68,278.2,12.6,107.6,1.06,119.1,4.2,26.4,0.48,34.9,7.6,4.35,0.14,52285009.0,A2O_Family,Filtration,UV,0.7690721461187214,265.59999999999997,0.9547088425593098,106.53999999999999,0.9901486988847583,114.89999999999999,0.964735516372796,25.919999999999998,0.9818181818181818,27.299999999999997,0.7822349570200573,4.21,0.9678160919540231,46856335.760000005,5878095.32,732656.58,0.3104316474575305,0.9402437147681878
26,30.0,9437.51,262.8,13.2,104.3,0.67,105.2,37.0,25.3,0.18,33.8,6.8,4.02,0.1,35533603.0,A2O_Family,Filtration,UV,0.8618730593607307,249.60000000000002,0.949771689497717,103.63,0.9935762224352829,68.2,0.6482889733840305,25.12,0.9928853754940712,26.999999999999996,0.7988165680473372,3.9199999999999995,0.9751243781094527,24801776.28,3189878.38,379387.90199999994,0.3765145997196294,0.8930772011613154
27,10.0,3459.31,352.8,10.0,117.5,1.0,154.1,1.6,30.7,0.11,38.4,4.7,3.88,0.06,21020400.0,Biofilm,Other,UV,0.9477561643835616,342.8,0.971655328798186,116.5,0.9914893617021276,152.5,0.9896171317326412,30.59,0.9964169381107492,33.699999999999996,0.8776041666666666,3.82,0.9845360824742267,12204445.68,1328375.0399999998,134221.228,0.607647189757495,0.9685531682474329
28,14.0,4804.25,231.5,19.8,107.6,2.1,47.0,6.0,17.7,0.82,21.87,8.95,1.57,0.11,18750320.0,A2O_Family,Other,Combined,0.9401663405088062,211.7,0.9144708423326133,105.5,0.9804832713754648,41.0,0.8723404255319149,16.88,0.9536723163841808,12.920000000000002,0.5907636031092822,1.46,0.929936305732484,11121838.75,1050689.475,75426.725,0.3902861008482073,0.87361112741099
29,2.9,1097.73,307.3,27.3,114.7,1.7,142.0,6.0,13.4,0.44,17.84,5.17,3.1,0.09,3996380.0,AO_Family,None,Combined,1.0370618800188947,280.0,0.9111617312072893,113.0,0.985178727114211,136.0,0.9577464788732394,12.96,0.9671641791044776,12.67,0.7102017937219731,3.0100000000000002,0.970967741935484,3373324.29,195835.032,34029.630000000005,0.36405855720441277,0.9170701086594457
30,1.0,151.7,244.0,28.0,101.6,4.3,69.0,8.0,13.5,0.34,20.64,6.54,1.53,0.13,980657.0,A2O_Family,Other,Other,0.41561643835616435,216.0,0.8852459016393442,97.3,0.9576771653543308,61.0,0.8840579710144928,13.16,0.9748148148148148,14.100000000000001,0.683139534883721,1.4,0.9150326797385621,370147.99999999994,31310.879999999997,2321.01,0.6464449571522742,0.8833280112408777
31,6.0,771.64,279.42,17.76,115.64,2.21,141.0,6.0,7.78,0.39,11.84,3.97,0.63,0.03,3856960.0,A2O_Family,None,Chlorine_Based,0.35234703196347034,261.66,0.9364397680910458,113.43,0.9808889657557939,135.0,0.9574468085106383,7.390000000000001,0.9498714652956298,7.869999999999999,0.6646959459459459,0.6,0.9523809523809523,2156116.488,91362.176,4861.332,0.49983930330205795,0.9069539843300011
32,6.0,1916.44,151.0,15.1,59.2,1.85,92.0,1.0,24.9,0.45,28.4,8.24,2.53,0.13,7669859.0,Oxidation_Ditch,Other,Chlorine_Based,0.8750867579908677,135.9,0.9,57.35,0.96875,91.0,0.9891304347826086,24.45,0.9819277108433735,20.159999999999997,0.7098591549295774,2.4,0.9486166007905139,2893824.4,544268.96,48485.93199999999,0.40021388616392894,0.9163806502243456
33,4.0,1168.56,188.0,16.1,83.9,0.96,94.0,2.0,22.5,0.2,25.7,5.68,2.36,0.11,4247901.0,A2O_Family,Other,Chlorine_Based,0.8003835616438356,171.9,0.9143617021276597,82.94000000000001,0.9885578069129918,92.0,0.9787234042553191,22.3,0.9911111111111112,20.02,0.778988326848249,2.25,0.9533898305084746,2196892.8,300319.92,27578.015999999996,0.36351586568083794,0.9341886969606343
34,4.0,888.64,194.0,11.0,70.5,0.8,146.0,3.0,13.93,0.53,18.92,8.48,1.17,0.12,3243345.0,SBR_Family,Other,Chlorine_Based,0.6086575342465753,183.0,0.9432989690721649,69.7,0.9886524822695036,143.0,0.9794520547945206,13.4,0.9619526202440776,10.440000000000001,0.5517970401691332,1.0499999999999998,0.8974358974358974,1723961.6,168130.68800000002,10397.088,0.3649785064818149,0.8870981773308829
35,6.0,2077.64,262.58,10.39,126.88,2.0,201.77,4.55,36.35,0.11,42.6,5.3,4.17,0.09,13329591.0,Oxidation_Ditch,Membrane,Chlorine_Based,0.9486940639269406,252.19,0.9604311067103359,124.88,0.9842370744010088,197.22,0.9774495712940476,36.24,0.9969738651994499,37.300000000000004,0.875586854460094,4.08,0.9784172661870504,5455467.111999999,885074.6399999999,86637.58799999999,0.6415736604994128,0.9621826230419978
36,9.9,3113.56,241.69,14.74,112.25,2.0,144.49,5.35,33.22,0.4,39.07,9.32,4.47,0.17,14333800.0,Oxidation_Ditch,Membrane,Chlorine_Based,0.861646603016466,226.95,0.9390127849724854,110.25,0.9821826280623608,139.14000000000001,0.9629732161395252,32.82,0.987959060806743,29.75,0.761453800870233,4.3,0.9619686800894854,7525163.164,1216467.892,139176.13199999998,0.4603669111884788,0.9325916951568055
37,3.0,435.28,113.75,9.95,45.8,2.0,94.89,4.12,8.28,0.04,13.23,3.33,1.85,0.09,2668190.0,MBR,Membrane,Chlorine_Based,0.3975159817351598,103.8,0.9125274725274725,43.8,0.9563318777292577,90.77,0.9565813046685635,8.24,0.995169082125604,9.9,0.7482993197278912,1.76,0.9513513513513513,495131.0,57587.543999999994,8052.68,0.6129824480793972,0.9200434013550233
38,20.0,6666.35,282.53,12.11,168.35,2.0,60.49,0.23,37.28,0.14,49.47,6.45,3.95,0.08,32041951.0,MBR,Membrane,Chlorine_Based,0.9131986301369863,270.41999999999996,0.9571372951544969,166.35,0.9881199881199881,60.260000000000005,0.9961977186311788,37.14,0.996244635193133,43.019999999999996,0.8696179502728926,3.87,0.979746835443038,18834438.654999997,3297843.3449999997,263320.82500000007,0.48065209597455877,0.9645107371357878
39,3.0,691.09,213.22,20.02,112.66,2.0,101.05,4.03,27.45,0.45,31.3,6.32,3.36,0.11,2668190.0,SBR_Family,Filtration,Chlorine_Based,0.6311324200913242,193.2,0.9061063690085357,110.66,0.9822474702645126,97.02,0.9601187530925285,27.0,0.9836065573770492,24.98,0.7980830670926518,3.25,0.9672619047619048,1473542.0980000002,216311.17,23220.623999999996,0.38608430161049934,0.932904020266197
40,2.0,647.04,247.68,14.08,128.28,2.0,88.36,4.0,43.4,0.19,46.64,9.85,4.52,0.1,3531168.0,Oxidation_Ditch,Other,Chlorine_Based,0.8863561643835616,233.6,0.9431524547803617,126.28,0.9844091050826318,84.36,0.9547306473517428,43.21,0.9956221198156683,36.79,0.7888078902229846,4.42,0.9778761061946903,1602588.672,301779.456,29246.208,0.5457418397626113,0.9407663872413466
41,60.0,19715.32,292.31,16.47,142.41,4.87,125.43,5.1,31.93,0.33,36.5,10.42,4.08,0.24,78633240.0,A2O_Family,Filtration,UV,0.9002429223744292,275.84000000000003,0.9436557079812529,137.54,0.9658029632750509,120.33000000000001,0.9593398708442956,31.6,0.9896648919511432,26.08,0.7145205479452055,3.84,0.9411764705882353,57629851.892,7196091.799999999,804385.0560000001,0.39884333604526834,0.9190267420975307
42,4.9,1661.54,198.66,11.53,67.5,2.02,140.92,2.83,8.65,0.17,17.71,8.66,2.13,0.11,8706572.0,Oxidation_Ditch,Other,UV,0.9290131395023762,187.13,0.9419611396355583,65.48,0.9700740740740741,138.08999999999997,0.9799176837922224,8.48,0.9803468208092485,9.05,0.5110107284020328,2.02,0.9483568075117371,3300815.364,294258.734,35390.801999999996,0.5240061629572565,0.8886112090374789
43,10.0,3437.56,213.8,15.3,82.38,2.01,185.01,5.0,22.46,0.08,27.55,9.94,3.55,0.18,12892544.0,A2O_Family,Other,Chlorine_Based,0.9417972602739726,198.5,0.9284377923292797,80.36999999999999,0.9756008739985432,180.01,0.9729744338143884,22.380000000000003,0.9964381121994658,17.61,0.639201451905626,3.3699999999999997,0.9492957746478873,7349503.279999999,947047.78,122033.38,0.37504927913985503,0.9103247398158651
44,35.0,8181.33,213.83,15.33,76.47,2.02,185.01,5.35,20.93,0.17,26.89,10.65,2.91,0.19,37093148.0,A2O_Family,Combined,Chlorine_Based,0.6404172211350293,198.5,0.9283075340223541,74.45,0.9735844121877861,179.66,0.9710826441813957,20.759999999999998,0.9918776875298614,16.240000000000002,0.6039419858683526,2.72,0.9347079037800687,17494137.939000003,2199959.637,238076.703,0.4533877499135226,0.9005836945949698
45,17.0,5575.92,218.47,18.25,78.14,2.02,218.56,5.0,18.61,0.14,22.53,0.54,3.69,0.16,15111349.0,A2O_Family,Combined,Chlorine_Based,0.8986172441579372,200.22,0.9164645031354419,76.12,0.9741489633990275,213.56,0.9771229868228404,18.47,0.9924771628156904,21.990000000000002,0.9760319573901465,3.53,0.9566395663956639,12181712.424,1256254.776,205751.44799999997,0.27101086457481455,0.9654808566598017
46,32.0,11644.23,191.37,15.34,69.48,2.0,165.25,5.0,19.32,0.08,23.59,9.14,3.32,0.17,31651136.0,A2O_Family,Combined,Other,0.9969374999999999,176.03,0.9198411454250928,67.48,0.9712147380541163,160.25,0.9697428139183056,19.240000000000002,0.9958592132505177,14.45,0.612547689699025,3.15,0.9487951807228916,22283562.950999998,2746873.857,386588.436,0.271818196651904,0.9030001301783249
47,16.0,6008.45,218.61,15.58,83.02,2.0,155.36,5.0,20.57,0.11,27.65,8.8,5.69,0.06,24788022.0,A2O_Family,Combined,Other,1.0288441780821918,203.03,0.9287315310370065,81.02,0.9759094194170079,150.36,0.967816683831102,20.46,0.9946524064171123,18.849999999999998,0.6817359855334538,5.630000000000001,0.9894551845342707,13135072.545,1661336.4249999998,341880.80500000005,0.4125526882973146,0.9230502017949922
48,9.0,2593.74,220.0,19.1,93.0,2.8,174.0,3.2,16.5,0.39,20.9,10.2,3.4,0.15,6686630.0,Biofilm,Other,UV,0.7895707762557077,200.9,0.9131818181818182,90.2,0.9698924731182796,170.8,0.981609195402299,16.11,0.9763636363636363,10.7,0.5119617224880383,3.25,0.9558823529411765,5706227.999999999,542091.6599999999,88187.15999999999,0.257798777055526,0.8848151997492081
49,7.0,2544.83,169.72,17.92,69.42,1.54,58.69,2.22,20.68,0.18,22.12,8.63,2.38,0.2,6235168.0,A2O_Family,Other,Chlorine_Based,0.9960195694716243,151.8,0.8944143294838558,67.88,0.9778161912993373,56.47,0.9621741352871017,20.5,0.9912959381044487,13.49,0.6098553345388789,2.1799999999999997,0.9159663865546218,4319085.476,562916.3960000001,60566.954,0.2450131442964756,0.8919203858780408
50,1.5,371.6,114.57,24.53,36.18,2.1,61.0,5.0,10.63,0.62,14.32,5.89,0.95,0.05,1556670.0,A2O_Family,Other,Chlorine_Based,0.6787214611872147,90.03999999999999,0.7858950859736406,34.08,0.9419568822553896,56.0,0.9180327868852459,10.010000000000002,0.9416745061147695,8.43,0.5886871508379888,0.8999999999999999,0.9473684210526315,425742.12,53213.12000000001,3530.2,0.41891011840688913,0.8539358055199444
51,2.0,219.96,199.3,40.3,54.7,1.5,151.0,7.0,14.87,0.83,18.1,6.86,1.4,0.25,2046684.0,AO_Family,Other,Other,0.3013150684931507,159.0,0.7977922729553436,53.2,0.9725776965265083,144.0,0.9536423841059603,14.04,0.9441829186281103,11.240000000000002,0.6209944751381216,1.15,0.8214285714285714,438380.28,39812.76,3079.44,0.9304800872885979,0.8517697197971025
52,0.5,128.65,86.7,15.0,28.7,2.9,42.0,4.0,8.37,0.15,16.68,6.14,0.93,0.11,633780.0,A2O_Family,Sedimentation,Chlorine_Based,0.704931506849315,71.7,0.8269896193771626,25.8,0.8989547038327527,38.0,0.9047619047619048,8.219999999999999,0.9820788530465949,10.54,0.63189448441247,0.8200000000000001,0.8817204301075269,111539.55000000002,21458.82,1196.4450000000002,0.49263894286824716,0.854399999256402
53,0.45,98.39,143.7,21.0,48.2,2.06,97.0,3.0,15.4,0.17,17.3,7.44,1.95,0.2,1302096.0,A2O_Family,Sedimentation,Chlorine_Based,0.5990258751902587,122.69999999999999,0.8538622129436325,46.14,0.9572614107883817,94.0,0.9690721649484536,15.23,0.9889610389610389,9.86,0.5699421965317919,1.75,0.8974358974358975,141386.43,17021.47,1918.605,1.3234027848358574,0.8727558202681994
54,1.5,482.39,150.04,12.19,65.1,5.33,152.56,5.63,12.67,0.37,27.21,7.91,2.81,0.07,1200018.0,Oxidation_Ditch,Other,UV,0.8810776255707762,137.85,0.9187549986670221,59.769999999999996,0.918125960061444,146.93,0.9630964866282119,12.3,0.9707971586424625,19.3,0.7092980521866961,2.74,0.9750889679715303,723777.956,131258.319,13555.159,0.2487651070710421,0.9091936040262277
55,0.4,157.56,135.18,15.19,51.56,5.89,81.67,6.17,9.87,0.45,16.67,7.47,1.08,0.2,1084132.0,Oxidation_Ditch,None,UV,1.079178082191781,119.99000000000001,0.8876313064062732,45.67,0.8857641582622188,75.5,0.9244520631810946,9.42,0.9544072948328268,9.200000000000003,0.551889622075585,0.8800000000000001,0.8148148148148149,212989.608,26265.252000000004,1701.6480000000001,0.6880756537192181,0.8364932099288023
56,0.5,139.04,240.88,11.79,83.86,7.83,97.18,7.54,17.12,0.15,31.81,6.84,2.33,0.1,906180.0,A2O_Family,None,UV,0.7618630136986301,229.09,0.9510544669545002,76.03,0.9066300977820176,89.64,0.922412018933937,16.970000000000002,0.9912383177570094,24.97,0.7849732788431311,2.23,0.9570815450643776,334919.55199999997,44228.623999999996,3239.6319999999996,0.651740506329114,0.9188982875558288
57,0.25,71.26,160.16,23.56,59.07,6.48,104.25,6.4,18.88,0.25,25.03,4.18,2.01,0.18,576974.0,A2O_Family,None,UV,0.7809315068493151,136.6,0.8528971028971029,52.59,0.8902996444895886,97.85,0.938609112709832,18.63,0.9867584745762712,20.85,0.8330003995205754,1.8299999999999998,0.9104477611940299,114130.01600000002,17836.378,1432.326,0.8096744316587146,0.9020020825645667
58,0.75,149.8,118.67,27.37,37.57,6.65,78.78,7.63,19.51,1.27,28.59,9.68,2.54,0.22,727628.0,Oxidation_Ditch,None,UV,0.5472146118721462,91.3,0.7693604112244038,30.92,0.8229970721320202,71.15,0.9031480071084033,18.240000000000002,0.9349051768323937,18.91,0.6614200769499825,2.32,0.9133858267716535,177767.66000000003,42827.82,3804.92,0.48573297730307075,0.8342027618364763
59,40.0,12233.08,185.82,8.72,99.93,2.77,182.38,2.35,24.17,0.14,27.13,9.0,3.52,0.19,30509120.0,A2O_Family,Sedimentation,UV,0.8378821917808219,177.1,0.9530728662146163,97.16000000000001,0.9722805964174923,180.03,0.9871148152209672,24.03,0.9942076954902772,18.13,0.668263914485809,3.33,0.9460227272727273,22731509.255999997,3318834.604,430604.41599999997,0.24939851615455796,0.9201604358503149
60,0.6,155.73,146.4,12.93,79.95,1.25,107.17,0.91,17.83,0.37,23.62,8.55,2.77,0.15,603764.0,AO_Family,Filtration,Other,0.7110958904109589,133.47,0.9116803278688524,78.7,0.9843652282676673,106.26,0.991508817766166,17.459999999999997,0.9792484576556365,15.07,0.6380186282811177,2.62,0.9458483754512635,227988.72,36783.426,4313.721,0.38769922301419124,0.9084449725484506
61,1.0,222.76,92.16,10.07,28.02,2.06,61.07,0.8,35.44,0.18,37.21,6.24,2.25,0.09,1058230.0,A2O_Family,Filtration,Chlorine_Based,0.6103013698630136,82.09,0.8907335069444445,25.96,0.9264810849393291,60.27,0.9869002783690847,35.26,0.994920993227991,30.97,0.832303144316044,2.16,0.9600000000000001,205295.61599999998,82888.99600000001,5012.099999999999,0.47505386963548213,0.9318898346328156
62,1.0,197.9,122.68,7.91,44.79,0.76,103.11,1.07,32.44,0.21,35.16,7.03,2.83,0.1,1283372.0,AO_Family,Filtration,Chlorine_Based,0.5421917808219179,114.77000000000001,0.935523312683404,44.03,0.9830319267693682,102.04,0.9896227330035885,32.23,0.9935265104808878,28.129999999999995,0.8000568828213879,2.73,0.9646643109540636,242783.72000000003,69581.64,5600.57,0.6484951995957554,0.9444042794521167
63,0.2,45.7,130.91,11.04,73.02,0.28,63.93,0.82,26.91,0.55,30.73,8.29,2.95,0.12,358110.0,AO_Family,Filtration,Chlorine_Based,0.626027397260274,119.87,0.9156672523107479,72.74,0.9961654341276363,63.11,0.9871734709838886,26.36,0.9795615013006317,22.44,0.7302310445818418,2.83,0.9593220338983051,59825.87,14043.61,1348.1500000000003,0.7836105032822757,0.9280201228671752
64,6.0,1731.4,177.0,19.5,89.0,2.33,106.0,3.5,23.77,0.43,25.99,8.86,2.79,0.17,5300805.0,SBR_Family,Other,Other,0.7905936073059361,157.5,0.8898305084745762,86.67,0.9738202247191011,102.5,0.9669811320754716,23.34,0.9819099705511148,17.13,0.6590996537129665,2.62,0.9390681003584229,3064578.0,449990.86000000004,48306.060000000005,0.3061571560586808,0.901784931648609
65,1.8,407.32,224.22,21.57,48.62,1.75,164.85,3.25,32.81,0.59,38.06,8.88,4.91,0.29,2251108.0,A2O_Family,Other,Chlorine_Based,0.6199695585996956,202.65,0.9037998394434038,46.87,0.9640065816536405,161.6,0.9802851076736427,32.22,0.982017677537336,29.18,0.766684182869154,4.62,0.9409368635437881,913292.904,155025.992,19999.412,0.5526632622999116,0.9229550421201608
66,60.0,18262.0,254.0,32.0,82.8,2.7,150.0,6.0,24.2,0.38,32.5,11.5,5.49,0.22,61525440.0,A2O_Family,Other,Other,0.8338812785388128,222.0,0.8740157480314961,80.1,0.967391304347826,144.0,0.96,23.82,0.984297520661157,21.0,0.6461538461538462,5.2700000000000005,0.9599271402550091,46385480.0,5935150.0,1002583.8,0.33690417259883915,0.8986309265748891
67,15.0,4829.0,248.0,21.1,123.0,1.82,125.0,3.8,31.5,0.23,34.2,9.5,3.6,0.1,16404000.0,A2O_Family,Other,Chlorine_Based,0.8820091324200914,226.9,0.9149193548387097,121.18,0.9852032520325203,121.2,0.9696,31.27,0.9926984126984126,24.700000000000003,0.7222222222222222,3.5,0.9722222222222222,11975920.0,1651518.0000000002,173844.0,0.3396976599710085,0.9261442440023478
68,5.0,1579.76,232.0,14.0,144.0,2.21,105.0,3.16,29.0,0.19,29.8,5.38,3.0,0.1,4110970.0,A2O_Family,Other,Chlorine_Based,0.8656219178082192,218.0,0.9396551724137931,141.79,0.9846527777777777,101.84,0.9699047619047619,28.81,0.993448275862069,24.42,0.8194630872483222,2.9,0.9666666666666667,3665043.2,470768.48,47392.799999999996,0.2602275029118347,0.9456317903122319
69,1.5,473.75,167.0,12.0,112.0,1.9,98.0,2.61,28.04,0.49,29.5,7.98,2.18,0.07,715190.0,SBR_Family,Other,Chlorine_Based,0.865296803652968,155.0,0.9281437125748503,110.1,0.9830357142857142,95.39,0.9733673469387755,27.55,0.9825249643366619,21.52,0.7294915254237287,2.1100000000000003,0.9678899082568808,791162.5,139756.25,10327.75,0.1509635883905013,0.9274088619694352
70,6.0,1968.02,184.0,15.7,108.0,1.06,79.0,4.7,18.1,0.4,22.0,7.01,2.47,0.12,6615952.0,A2O_Family,Filtration,Other,0.8986392694063927,168.3,0.9146739130434783,106.94,0.9901851851851852,74.3,0.9405063291139241,17.700000000000003,0.9779005524861879,14.99,0.6813636363636364,2.35,0.951417004048583,3621156.8,432964.4,48610.094,0.33617300637188646,0.9093411033734992
71,3.0,779.94,185.0,17.1,113.0,1.16,62.0,5.2,22.7,0.43,26.1,7.99,2.58,0.16,3295600.0,AO_Family,Other,Chlorine_Based,0.7122739726027397,167.9,0.9075675675675676,111.84,0.9897345132743363,56.8,0.9161290322580645,22.27,0.981057268722467,18.11,0.6938697318007663,2.42,0.937984496124031,1442889.0000000002,203564.34000000003,20122.452000000005,0.42254532399928196,0.9043904349578721
72,3.0,272.15,105.0,12.9,65.1,0.81,43.0,4.1,11.8,0.27,14.6,3.68,1.37,0.08,1403590.0,A2O_Family,Other,Combined,0.2485388127853881,92.1,0.8771428571428571,64.28999999999999,0.9875576036866359,38.9,0.9046511627906977,11.530000000000001,0.9771186440677967,10.92,0.7479452054794521,1.29,0.9416058394160584,285757.49999999994,39733.899999999994,3728.455,0.5157413191254823,0.9060035520972497
73,30.0,7780.0,319.0,16.0,110.0,1.6,122.0,8.0,39.1,0.13,41.9,9.5,4.24,0.06,38358948.0,AO_Family,Other,Chlorine_Based,0.7105022831050228,303.0,0.9498432601880877,108.4,0.9854545454545455,114.0,0.9344262295081968,38.97,0.9966751918158567,32.4,0.7732696897374701,4.180000000000001,0.9858490566037736,24818200.0,3259820.0,329872.00000000006,0.49304560411311055,0.9375863288846551
74,50.0,14553.0,437.0,66.0,138.0,6.4,142.0,23.0,18.2,1.04,21.93,9.89,2.07,0.05,87597908.0,Other,Other,Chlorine_Based,0.7974246575342466,371.0,0.8489702517162472,131.6,0.9536231884057971,119.0,0.8380281690140845,17.16,0.942857142857143,12.04,0.5490196078431372,2.02,0.9758454106280194,63596610.0,3191472.9,301247.1,0.6019233697519412,0.851390628410738
75,7.0,2363.73,207.0,13.9,102.5,1.35,116.0,7.0,33.11,0.18,37.61,8.81,3.72,0.11,12400815.0,Oxidation_Ditch,Other,Chlorine_Based,0.9251389432485323,193.1,0.9328502415458937,101.15,0.986829268292683,109.0,0.9396551724137931,32.93,0.9945635759589248,28.799999999999997,0.7657537888859345,3.6100000000000003,0.9704301075268817,4892921.1,888998.8529999999,87930.756,0.5246290820017515,0.9316803591040186
76,15.0,5359.46,187.0,17.9,93.5,1.41,110.0,7.0,28.71,0.39,34.54,9.59,3.5,0.13,16296720.0,A2O_Family,Other,Chlorine_Based,0.978896803652968,169.1,0.9042780748663102,92.09,0.9849197860962567,103.0,0.9363636363636364,28.32,0.9864158829676071,24.95,0.7223508975101331,3.37,0.9628571428571429,10022190.2,1851157.4839999997,187581.1,0.3040739178947133,0.9161975701101811
77,12.0,4114.83,198.0,14.7,96.8,1.35,111.0,7.0,28.67,0.23,34.74,7.35,3.86,0.12,14712579.0,Oxidation_Ditch,Other,Chlorine_Based,0.939458904109589,183.3,0.9257575757575758,95.45,0.9860537190082646,104.0,0.9369369369369369,28.44,0.9919776770143006,27.39,0.7884283246977547,3.7399999999999998,0.9689119170984456,8147363.399999999,1429491.942,158832.438,0.3575501053506463,0.9330110250855465
78,4.0,1342.33,167.0,14.3,84.4,1.35,101.0,7.0,33.18,0.18,38.39,6.99,3.89,0.06,5964490.0,Oxidation_Ditch,Other,Chlorine_Based,0.9194041095890411,152.7,0.9143712574850299,83.05000000000001,0.9840047393364929,94.0,0.9306930693069307,33.0,0.9945750452079566,31.4,0.8179213336806459,3.83,0.9845758354755784,2241691.0999999996,515320.48699999996,52216.637,0.4443385754620697,0.937690213415439
79,6.0,2041.45,197.0,22.3,95.8,1.5,110.0,7.0,23.73,0.3,30.88,9.75,2.98,0.09,10273120.0,AO_Family,Other,Chlorine_Based,0.9321689497716895,174.7,0.8868020304568527,94.3,0.9843423799582464,103.0,0.9363636363636364,23.43,0.9873577749683944,21.13,0.6842616580310881,2.89,0.9697986577181209,4021656.5,630399.76,60835.21,0.5032266281319651,0.9081543562493897
80,2.0,620.75,150.0,13.0,78.8,1.3,94.0,7.0,22.09,0.21,27.76,6.55,2.78,0.13,2415495.0,A2O_Family,Other,Chlorine_Based,0.8503424657534246,137.0,0.9133333333333333,77.5,0.983502538071066,87.0,0.925531914893617,21.88,0.990493435943866,21.21,0.7640489913544668,2.65,0.9532374100719425,931125.0,172320.2,17256.85,0.38912525171163914,0.9216912706113819
81,7.0,2481.23,195.0,20.6,95.1,1.47,109.0,7.0,24.6,0.32,31.4,8.19,2.82,0.16,10115680.0,A2O_Family,Other,Chlorine_Based,0.9711272015655578,174.4,0.8943589743589744,93.63,0.9845425867507887,102.0,0.9357798165137615,24.28,0.9869918699186991,23.21,0.7391719745222931,2.6599999999999997,0.9432624113475176,4838398.5,779106.22,69970.686,0.40768812242315305,0.9140179389020058
82,4.0,676.25,166.0,14.4,83.3,1.32,96.0,7.0,25.3,0.27,30.59,6.5,2.96,0.08,3866070.0,Oxidation_Ditch,Filtration,Chlorine_Based,0.4631849315068493,151.6,0.9132530120481928,81.98,0.9841536614645859,89.0,0.9270833333333334,25.03,0.9893280632411068,24.09,0.7875122589081399,2.88,0.9729729729729729,1122575.0,206864.875,20017.0,0.5716924214417745,0.9290505503280553
83,2.0,488.9,184.0,24.1,90.4,1.49,108.0,7.0,19.06,0.44,28.42,6.88,2.67,0.13,1692840.0,AO_Family,Filtration,Chlorine_Based,0.6697260273972603,159.9,0.8690217391304348,88.91000000000001,0.9835176991150443,101.0,0.9351851851851852,18.619999999999997,0.9769150052465897,21.540000000000003,0.7579169598874033,2.54,0.951310861423221,899575.9999999999,138945.38,13053.629999999997,0.3462548578441399,0.9123112416646464
84,13.9,3566.95,254.0,14.0,100.8,4.79,216.0,4.0,27.0,0.23,29.4,9.19,2.38,0.14,13461463.0,A2O_Family,Filtration,Chlorine_Based,0.7030550901744358,240.0,0.9448818897637795,96.00999999999999,0.9524801587301587,212.0,0.9814814814814815,26.77,0.9914814814814815,20.21,0.6874149659863946,2.2399999999999998,0.9411764705882353,9060053.0,1048683.2999999998,84893.40999999999,0.3773942163472995,0.9164860746719219
85,16.0,5264.29,201.17,28.0,80.02,6.54,41.56,3.67,19.94,0.21,25.03,9.52,2.54,0.17,13468980.0,A2O_Family,Filtration,Other,0.9014195205479452,173.17,0.860814236715216,73.47999999999999,0.918270432391902,37.89,0.9116939364773821,19.73,0.9894684052156469,15.510000000000002,0.6196564123052337,2.37,0.9330708661417323,10590172.193,1317651.7870000002,133712.966,0.2558555854635668,0.8721623815411855
86,15.0,4329.07,208.7,5.91,118.0,1.96,165.7,6.06,14.23,0.26,21.29,8.03,2.24,0.14,9616591.0,Other,Other,Chlorine_Based,0.7906977168949771,202.79,0.9716818399616675,116.04,0.9833898305084746,159.64,0.9634278817139409,13.97,0.9817287420941673,13.26,0.6228276186002818,2.1,0.9375,9034769.089999998,921659.0029999999,96971.168,0.22213988223798645,0.910092652146422
87,3.0,793.07,189.87,17.49,93.97,2.89,184.84,4.0,12.55,0.26,17.8,5.76,2.75,0.2,3740000.0,Oxidation_Ditch,Filtration,Other,0.7242648401826485,172.38,0.9078843419181545,91.08,0.9692455038842184,180.84,0.9783596624107336,12.290000000000001,0.9792828685258964,12.040000000000001,0.6764044943820225,2.55,0.9272727272727272,1505802.0090000003,141166.46000000002,21809.425000000003,0.47158510598055653,0.9064082663989588
88,12.0,3396.25,110.89,9.91,49.19,2.19,77.52,2.67,23.26,0.16,28.89,7.4,3.23,0.09,11707044.0,None,None,None,0.7753995433789954,100.98,0.9106321579944089,47.0,0.9554787558446839,74.85,0.9655572755417956,23.1,0.9931212381771282,21.490000000000002,0.7438560055382486,3.14,0.9721362229102167,3766101.625,981176.625,109698.875,0.344705012881855,0.9234636093344135
89,5.0,1510.84,185.1,27.65,76.5,5.7,83.2,3.3,22.75,0.27,37.17,6.93,1.3,0.06,9995006.0,None,None,None,0.8278575342465753,157.45,0.850621285791464,70.8,0.9254901960784313,79.9,0.9603365384615385,22.48,0.9881318681318682,30.240000000000002,0.8135593220338984,1.24,0.9538461538461538,2796564.84,561579.228,19640.92,0.6615529109634376,0.9153308940572257
90,1.0,344.18,242.93,13.7,83.41,4.5,141.77,4.3,24.77,0.04,27.93,5.23,4.61,0.14,2192185.0,SBR_Family,Other,Chlorine_Based,0.942958904109589,229.23000000000002,0.9436051537479933,78.91,0.9460496343364105,137.47,0.9696691824786625,24.73,0.9983851433185306,22.7,0.8127461510920158,4.470000000000001,0.9696312364425164,836116.474,96129.47400000002,15866.698,0.6369298041722354,0.940014416902688
91,3.0,863.97,232.25,6.25,98.41,2.99,61.73,2.69,17.64,0.1,29.76,5.29,1.73,0.21,2618820.0,SBR_Family,None,Other,0.789013698630137,226.0,0.9730893433799784,95.42,0.9696169088507266,59.04,0.9564231329985421,17.54,0.9943310657596371,24.470000000000002,0.822244623655914,1.52,0.8786127167630058,2006570.325,257117.472,14946.681,0.30311469148234316,0.9323862985679674
92,1.0,1736.46,168.31,8.67,71.0,1.96,52.44,4.41,8.52,0.33,13.99,5.82,0.86,0.05,1445974.0,A2O_Family,Other,Chlorine_Based,4.757424657534247,159.64000000000001,0.9484879092151388,69.04,0.9723943661971832,48.03,0.9159038901601831,8.19,0.9612676056338028,8.17,0.583988563259471,0.8099999999999999,0.941860465116279,2922635.8260000004,242930.75400000002,14933.556,0.08327136818584938,0.8873171332636763
93,2.0,673.0,124.39,16.66,65.02,1.0,38.83,3.44,11.75,0.41,18.29,6.86,1.04,0.14,2225595.0,A2O_Family,Other,UV,0.9219178082191781,107.73,0.8660664040517727,64.02,0.9846201168871117,35.39,0.9114087046098378,11.34,0.9651063829787234,11.43,0.6249316566429743,0.9,0.8653846153846154,837144.7,123091.7,6999.200000000001,0.33069762258543833,0.8695863134258394
